timestamp,x_um,y_um,z_voltage,laser_intensity,phase
2026-06-04T16:18:37.942283,0.0000,0.0000,64.85,185.0,locked
2026-06-04T16:41:39.739607,0.0000,0.0000,33.93,76.0,locked
2026-06-05T12:36:18.736797,0.0000,0.0000,42.05,207.0,locked
2026-06-08T15:04:03.109845,5.5000,-0.5000,45.86,813.0,locked
2026-06-08T16:58:23.418334,0.0000,0.0000,30.65,1497.0,locked
2026-06-08T18:20:05.112059,-8.5000,-5.0000,33.63,2884.0,locked
2026-06-08T18:35:19.064803,-7.5000,-5.0000,35.12,2765.0,locked
2026-06-08T18:53:23.475223,9.5000,-5.0000,38.00,2661.0,locked
2026-06-09T15:04:01.914153,0.0000,0.0000,44.77,2646.0,locked
2026-06-09T15:42:02.102084,0.0000,0.0000,37.78,1275.0,locked
2026-06-09T16:30:31.370442,1.0000,-2.5000,41.76,1405.0,locked
2026-06-09T17:05:33.355586,0.0000,0.0000,34.05,24.0,locked
2026-06-10T11:39:18.392070,0.0000,0.0000,54.28,1503.0,locked
2026-06-10T11:46:48.325466,0.0000,0.0000,50.86,1582.0,locked
2026-06-10T12:31:58.389326,-4.0000,-4.5000,47.45,1064.0,locked
2026-06-10T12:52:04.534256,-3.0000,-3.0000,50.34,18.0,locked
2026-06-10T12:57:13.792503,-3.0000,-3.0000,45.33,878.0,locked
2026-06-10T13:06:45.392899,-0.5000,-4.5000,52.02,1408.0,locked
2026-06-10T13:30:47.856585,-3.0000,-3.0000,57.10,22.0,locked
2026-06-10T13:34:39.702102,-3.0000,-3.0000,52.69,743.0,locked
2026-06-10T13:45:33.116913,-4.0000,-4.5000,54.87,989.0,locked
2026-06-10T13:53:31.039226,-5.0000,-6.5000,54.96,1267.0,locked
2026-06-10T14:08:57.530173,-4.0000,-3.5000,59.05,1496.0,locked
2026-06-10T14:36:32.832978,0.0000,0.0000,63.54,1114.0,locked
2026-06-10T16:02:39.309506,-1.0000,-8.0000,61.03,451.0,locked
2026-06-10T16:31:09.337920,-9.0000,-4.5000,64.51,574.0,locked
2026-06-10T17:18:44.796842,-8.7500,-4.5000,60.51,167.0,locked
2026-06-10T17:25:35.177928,-10.2500,-5.5000,61.59,134.0,locked
2026-06-10T17:52:11.611038,-9.7500,-5.5000,64.38,135.0,locked
2026-06-10T17:58:03.235604,-10.2500,-6.0000,58.67,141.0,locked
2026-06-10T18:54:00.277772,-11.0000,-6.8000,62.66,131.0,locked
2026-06-10T18:59:33.589948,-11.0000,-7.8000,60.94,148.0,locked
2026-06-11T11:56:34.197414,-12.0000,-7.0000,68.91,125.0,locked
2026-06-11T12:00:52.458797,-12.0000,-8.0000,72.70,128.0,locked
2026-06-11T12:49:10.321587,-12.0000,-8.0000,63.12,113.0,locked
2026-06-11T12:52:47.824484,-12.0000,-8.5000,65.21,153.0,locked
2026-06-11T13:04:26.356963,-11.5000,-7.5000,56.20,12.0,locked
2026-06-11T14:30:35.052484,-11.5000,-7.5000,60.79,176.0,locked
2026-06-11T14:37:48.047053,-12.5000,-8.5000,62.87,137.0,locked
2026-06-11T14:48:04.993390,-11.5000,-7.5000,63.56,200.0,locked
2026-06-11T15:22:46.764319,-11.5000,-7.5000,64.75,167.0,locked
2026-06-11T15:27:11.748432,-12.5000,-8.0000,65.24,124.0,locked
2026-06-11T15:36:19.936309,-11.5000,-7.5000,63.42,178.0,locked
2026-06-11T15:51:15.904553,-10.2500,-5.5000,67.21,128.0,locked
2026-06-11T15:55:08.721887,-10.2500,-6.0000,63.60,136.0,locked
2026-06-11T20:54:55.311657,0.0000,0.0000,35.46,196.0,locked
2026-06-12T11:42:13.475512,0.0000,0.0000,25.77,353.0,locked
2026-06-12T12:27:06.898167,0.0000,-5.5000,31.55,291.0,locked
2026-06-12T13:01:13.732074,7.0000,-5.0000,34.54,284.0,locked
2026-06-12T13:09:57.674914,4.0000,0.0000,38.12,284.0,locked
2026-06-12T13:14:20.409170,4.5000,1.5000,38.80,291.0,locked
2026-06-12T13:52:42.541798,0.0000,0.0000,43.69,355.0,locked
2026-06-12T13:58:52.816983,0.0000,0.0000,39.07,352.0,locked
2026-06-12T14:44:24.089910,-6.5000,-7.5000,24.35,81.0,locked
2026-06-12T15:56:54.475997,-4.0000,-7.5000,36.33,207.0,locked
2026-06-12T16:28:31.441893,-2.5000,-7.5000,39.42,247.0,locked
2026-06-12T17:01:00.328407,4.0000,-7.5000,31.50,222.0,locked
2026-06-12T17:53:43.262390,0.0000,0.0000,62.66,259.0,locked
2026-06-12T17:58:01.562085,0.0000,0.0000,59.05,244.0,locked
2026-06-13T09:55:14.104620,0.0000,0.0000,29.58,220.0,locked
2026-06-13T09:58:50.754495,0.0000,0.0000,31.16,207.0,locked
2026-06-13T21:26:51.744884,-15.0000,-25.0000,21.15,152.0,locked
2026-06-14T13:14:45.876008,0.0000,0.0000,26.39,209.0,locked
2026-06-14T16:23:15.922635,-3.0000,0.0000,29.34,200.0,locked
2026-06-14T16:32:53.620887,-6.0000,2.5000,32.53,209.0,locked
2026-06-14T16:41:03.738218,-9.5000,3.5000,26.51,193.0,locked
2026-06-15T09:13:57.997374,0.0000,0.0000,57.82,203.0,locked
2026-06-15T10:36:16.424364,-3.0000,1.5000,48.41,204.0,locked
2026-06-15T10:51:25.986213,7.5000,1.5000,46.39,252.0,locked
2026-06-17T14:07:45.642197,0.0000,0.0000,37.04,192.0,locked
2026-06-17T14:12:29.215995,0.0000,0.0000,29.32,106.0,locked
2026-06-17T15:00:14.215581,0.0000,0.0000,46.74,57.0,locked
2026-06-17T15:24:07.438182,-0.5000,3.5000,51.73,71.0,locked
2026-06-17T19:33:30.355519,0.0000,0.0000,61.93,42.0,locked
2026-06-17T22:21:54.639167,8.0000,-1.0000,68.52,54.0,locked
2026-06-18T10:50:39.019224,0.0000,0.0000,50.03,67.0,locked
2026-06-18T14:18:16.212616,-15.0000,-15.0000,41.31,76.0,locked
2026-06-18T14:30:06.017151,8.0000,-10.0000,34.30,203.0,locked
2026-06-18T14:49:28.577229,8.0000,-10.0000,26.89,21.0,locked
2026-06-18T14:54:11.030384,8.0000,-10.0000,17.17,15.0,locked
2026-06-18T15:04:00.522883,8.0000,-10.0000,40.40,212.0,locked
2026-06-18T15:12:02.728445,6.5000,-10.5000,42.89,69.0,locked
2026-06-18T15:15:08.683704,8.0000,-10.0000,44.77,207.0,locked
2026-06-18T15:19:43.441777,8.0000,-10.0000,44.15,208.0,locked
2026-06-18T17:59:44.859930,12.5000,11.0000,41.14,2288.0,locked
2026-06-18T18:03:48.015873,12.5000,11.0000,48.92,68.0,locked
2026-06-18T19:33:40.282391,13.5000,10.0000,53.31,50.0,locked
2026-06-18T19:35:47.426467,14.5000,9.0000,61.30,61.0,locked
2026-06-23T18:32:15.899007,0.0000,0.0000,30.95,131.0,locked
2026-06-23T19:45:14.104456,7.0000,8.5000,21.93,103.0,locked
2026-06-23T19:55:09.241701,0.0000,0.0000,16.82,76.0,locked
2026-06-23T20:32:38.646025,-0.5000,2.0000,15.80,144.0,locked
2026-06-23T20:37:27.022994,-0.5000,2.0000,20.49,130.0,locked
2026-06-23T20:45:57.492775,-0.5000,2.0000,12.77,125.0,locked
2026-06-23T20:49:35.752812,-0.5000,2.0000,19.06,125.0,locked
2026-06-24T10:59:44.334708,0.0000,0.0000,25.68,297.0,locked
2026-06-24T13:42:42.735786,-15.0000,0.5000,29.37,298.0,locked
2026-06-24T14:32:07.862049,-14.0000,2.5000,32.45,188.0,locked
2026-06-24T15:14:37.933810,-7.0000,3.5000,27.04,320.0,locked
2026-06-24T15:24:10.621387,-13.0000,5.0000,22.72,174.0,locked
2026-06-24T15:44:12.818018,-6.5000,9.0000,30.10,321.0,locked
2026-06-24T15:48:34.439421,-6.5000,9.0000,27.79,322.0,locked
2026-06-25T15:46:26.402717,0.0000,0.0000,52.51,165.0,locked
2026-06-25T16:34:28.447368,-7.5000,-5.5000,43.10,75.0,locked
2026-06-25T16:44:30.631919,-0.5000,-3.0000,36.08,147.0,locked
2026-06-25T17:21:10.738988,0.0000,0.0000,35.26,124.0,locked
2026-06-25T17:44:06.969089,10.0000,0.0000,26.85,96.0,locked
2026-06-26T11:18:08.881291,10.0000,0.0000,17.73,359.0,locked
2026-06-26T13:59:59.632950,16.5000,10.5000,11.22,251.0,locked
2026-06-26T14:25:09.408282,0.0000,0.0000,22.41,328.0,locked
2026-06-26T15:39:50.636738,-10.0000,-4.5000,9.79,317.0,locked
2026-06-26T16:29:09.066400,0.0000,0.0000,32.89,319.0,locked
2026-06-26T17:43:40.656636,10.0000,-1.0000,17.84,242.0,locked
2026-06-26T17:55:36.993441,15.0000,0.0000,21.73,187.0,locked
2026-06-29T11:11:46.112456,0.0000,0.0000,29.82,266.0,locked
2026-06-29T12:27:27.387405,10.0000,-6.5000,8.05,261.0,locked
2026-06-29T15:11:18.862991,5.5000,-0.5000,12.43,239.0,locked
2026-06-29T15:43:28.322252,6.0000,8.5000,20.11,297.0,locked
2026-06-29T15:48:18.921681,6.0000,9.0000,18.60,284.0,locked
2026-06-29T16:05:19.048608,0.0000,0.0000,21.69,311.0,locked
2026-06-29T17:12:43.115294,0.0000,0.0000,28.47,246.0,locked
2026-07-01T15:09:52.560938,0.0000,0.0000,53.95,157.0,locked
2026-07-01T15:51:31.395420,0.0000,0.0000,43.13,149.0,locked
2026-07-01T16:01:42.415823,1.0000,-2.0000,37.82,154.0,locked
2026-07-01T16:13:25.664779,2.0000,0.5000,38.40,157.0,locked
2026-07-01T16:24:38.018032,1.0000,-2.0000,41.18,144.0,locked
2026-07-01T16:29:04.105490,1.0000,-2.0000,42.46,122.0,locked
2026-07-01T16:34:10.465832,2.5000,-7.5000,38.45,125.0,locked
2026-07-01T16:42:55.514728,2.5000,-2.5000,44.13,134.0,locked
2026-07-01T16:50:24.296063,1.5000,-1.5000,44.91,144.0,locked
2026-07-06T13:06:30.242876,0.0000,0.0000,44.27,223.0,locked
2026-07-06T14:37:24.812835,-8.5000,-8.5000,54.35,98.0,locked
2026-07-06T14:43:09.631304,9.5000,-1.0000,60.04,194.0,locked
2026-07-06T14:54:02.205629,5.5000,4.5000,69.02,62.0,locked
2026-07-06T15:14:52.588876,5.5000,4.5000,75.21,59.0,locked
2026-07-06T15:22:29.580616,10.5000,-0.2500,68.29,166.0,locked
2026-07-06T16:13:24.689749,0.0000,0.0000,62.98,193.0,locked
2026-07-06T16:51:37.028382,0.0000,0.0000,54.77,178.0,locked
2026-07-06T17:40:46.031496,5.5000,4.0000,50.75,70.0,locked
2026-07-06T18:00:52.993429,4.0000,7.5000,45.74,9641.0,locked
2026-07-06T18:06:35.695997,0.0000,0.0000,55.52,102.0,locked
2026-07-06T18:50:24.348969,1.0000,-5.5000,47.71,80.0,locked
2026-07-06T19:35:45.118245,10.0000,10.0000,44.29,108.0,locked
2026-07-06T19:47:34.056717,-10.0000,-10.0000,56.97,172.0,locked
2026-07-06T19:58:37.539992,10.0000,-10.0000,52.46,27.0,locked
2026-07-06T20:21:30.235064,10.0000,-10.0000,42.94,57.0,locked
2026-07-06T20:32:38.523814,11.5000,-7.5000,40.03,55.0,locked
2026-07-07T14:53:42.043288,0.0000,0.0000,25.61,194.0,locked
2026-07-07T15:41:48.526712,1.0000,5.0000,17.58,96.0,locked
2026-07-07T15:49:16.633063,2.0000,5.0000,23.46,121.0,locked
2026-07-07T19:24:14.877688,1.0000,5.0000,19.45,36.0,locked
2026-07-07T19:38:58.849975,1.0000,5.0000,13.03,174.0,locked
2026-07-07T19:46:27.318554,2.5000,6.5000,9.11,126.0,locked
2026-07-14T16:09:28.851070,0.0000,0.0000,19.96,300.0,locked
2026-07-14T16:46:39.798161,0.0000,0.0000,12.85,124.0,locked
2026-07-14T16:59:51.049371,0.0000,-7.5000,39.67,299.0,locked
2026-07-14T17:11:38.703226,-0.5000,-8.5000,42.15,66.0,locked
2026-07-14T19:05:53.021494,0.0000,0.0000,48.77,240.0,locked
2026-07-14T20:26:23.011891,-5.5000,6.0000,57.46,249.0,locked
2026-07-15T10:41:30.680358,-6.0000,-9.5000,59.24,237.0,locked
2026-07-15T10:47:59.593593,-5.5000,-2.0000,61.83,260.0,locked
2026-07-15T10:58:33.710409,0.0000,0.0000,75.42,323.0,locked
2026-07-15T12:21:40.873457,0.0000,0.0000,42.86,295.0,locked
2026-07-15T13:36:57.618713,9.0000,5.0000,50.24,157.0,locked
2026-07-15T13:53:39.288020,0.0000,0.0000,60.03,82.0,locked
2026-07-15T14:40:11.857112,6.5000,-7.0000,54.72,75.0,locked
2026-07-15T14:51:14.771899,1.0000,2.5000,60.20,85.0,locked
2026-07-15T15:50:11.232620,0.2500,3.2500,49.51,92.0,locked
2026-07-15T15:55:15.729901,1.7500,2.7500,63.23,82.0,locked
2026-07-15T16:38:17.765320,0.2500,3.2500,54.63,688.0,locked
2026-07-15T17:17:10.545009,0.0000,0.0000,54.97,284.0,locked
2026-07-15T18:49:22.905209,-3.0000,-9.5000,48.96,69.0,locked
2026-07-15T19:16:10.552252,9.5000,-9.5000,41.59,83.0,locked
2026-07-15T19:25:08.653029,0.0000,0.0000,51.57,310.0,locked
2026-07-15T19:46:54.089695,3.0000,-1.5000,50.46,326.0,locked
2026-07-15T20:14:30.865975,0.0000,0.0000,51.50,70.0,locked
2026-07-15T20:36:58.105682,-4.5000,5.0000,40.58,87.0,locked
2026-07-15T20:55:41.919531,0.0000,0.0000,46.46,591.0,locked
2026-07-15T21:10:20.651921,0.0000,0.0000,47.16,221.0,locked
2026-07-16T12:44:43.938079,0.0000,0.0000,57.84,197.0,locked
2026-07-16T14:09:48.594108,3.0000,-6.5000,61.63,135.0,locked
2026-07-16T14:31:06.326214,-1.0000,-2.0000,62.42,221.0,locked
2026-07-16T14:44:11.331463,-8.0000,-1.5000,59.31,216.0,locked
2026-07-16T15:05:07.666921,-9.5000,-0.5000,59.33,206.0,locked
2026-07-16T15:35:34.442983,-10.0000,1.5000,57.62,214.0,locked
2026-07-16T16:12:54.699397,-10.0000,3.0000,64.81,218.0,locked
2026-07-16T17:12:34.748242,-8.5000,4.0000,71.50,186.0,locked
2026-07-16T17:35:28.309399,0.0000,0.0000,80.09,298.0,locked
2026-07-16T18:00:38.013979,0.0000,0.0000,76.60,251.0,locked
2026-07-16T18:27:53.454745,0.0000,0.0000,71.19,307.0,locked
2026-07-16T18:53:33.425521,-1.0000,-2.0000,60.32,151.0,locked
2026-07-16T19:27:27.080217,0.0000,0.0000,69.59,299.0,locked
2026-07-16T19:49:22.269533,0.5000,-3.5000,61.38,151.0,locked
2026-07-16T19:58:53.439215,0.5000,5.0000,56.17,216.0,locked
2026-07-16T20:02:12.963002,0.5000,-3.5000,51.66,156.0,locked
2026-07-16T20:09:22.268333,0.0000,0.0000,54.65,286.0,locked
2026-07-16T20:34:11.341557,0.0000,0.0000,52.44,317.0,locked
2026-07-16T21:19:18.636037,-3.5000,0.5000,62.72,337.0,locked
2026-07-16T21:27:24.407534,2.5000,4.0000,58.61,207.0,locked
2026-07-16T21:30:58.850822,3.5000,3.0000,65.70,89.0,locked
2026-07-16T21:55:08.785698,-4.0000,1.5000,62.80,265.0,locked
2026-07-16T22:00:31.754333,-4.0000,2.5000,62.59,228.0,locked
